,precision,recall,f1-score,support
0,0.5,0.5,0.5,2.0
1,0.0,0.0,0.0,1.0
accuracy,0.3333333333333333,0.3333333333333333,0.3333333333333333,0.3333333333333333
macro avg,0.25,0.25,0.25,3.0
weighted avg,0.3333333333333333,0.3333333333333333,0.3333333333333333,3.0
